base_sigma,window,split_time,filters1,kernel1,filters2,kernel2,dropout_residual,dropout_fc,fc_units,att_ratio,epochs,batch_size,learning_rate,patience_lr,patience_es,val_mae,test_mae,best_epoch,abs_min,abs_max,abs_mean,rel_min,rel_max,rel_mean
10,30,0.7,64,5,64,3,0.2,0.3,64,8,500,12,0.001,3,5,0.23879486662317895,0.1430569151406485,13,4.940101775745276e-05,0.589642398669392,0.1384291516920019,0.0009182850703557641,25.08857558683543,2.3050976280692006
10,30,0.7,64,5,64,3,0.2,0.3,64,8,500,12,0.0005,3,5,0.5074260525801477,0.539827116488006,9,6.554150695550764e-05,2.3825394442817274,0.5444502664635551,0.00041007204782890933,101.37419064736235,10.362158197847906
10,30,0.7,64,5,64,3,0.2,0.3,64,8,500,32,0.001,3,5,0.3576176334591833,0.3480953174974068,13,0.00018233454021507334,1.7527343721748587,0.35857256897460615,0.001047456786296397,67.10425217861128,6.536889576891251
10,30,0.7,64,5,64,3,0.2,0.3,64,8,500,32,0.0005,3,5,0.7719974894844925,0.5841189426654274,7,0.016924394615918208,2.4162346811653372,0.5844487096854296,0.7201126556385398,95.33539310667355,10.228526256567166
10,30,0.7,64,5,64,3,0.3,0.3,64,8,500,12,0.001,3,5,0.7055849423570297,0.4646715592944904,6,0.0009106496007178083,1.5168639949103895,0.48659976555098877,0.014189200622015997,64.54074041679648,9.15862342793163
10,30,0.7,64,5,64,3,0.3,0.3,64,8,500,12,0.0005,3,5,0.07562632301070753,0.08581556737374513,14,7.527742494157705e-05,0.2838721802970471,0.09826658655682188,0.001784683284747287,12.078420189005882,2.045667735429852
10,30,0.7,64,5,64,3,0.3,0.3,64,8,500,32,0.001,3,5,1.0266332405675476,0.7326769288907291,9,0.005812399146226846,1.9992000551582572,0.7330053685575328,0.10804310520755382,77.59107085217317,12.857080487486083
10,30,0.7,64,5,64,3,0.3,0.3,64,8,500,32,0.0005,3,5,0.5128355592369086,0.4786866561396029,12,5.957990577480643e-05,2.4897198012610975,0.47275226668333764,0.0009283386666102622,105.93458605578114,8.460094707732926
10,30,0.7,64,7,64,3,0.2,0.3,64,8,500,12,0.001,3,5,0.0864237518091594,0.09291297283824279,15,0.00025563051203185416,0.36790350989115206,0.08948203181232327,0.0020986742210744925,8.18136291252302,1.6684766175763788
10,30,0.7,64,7,64,3,0.2,0.3,64,8,500,12,0.0005,3,5,0.13970670531136847,0.1544124426747041,12,0.0002762399990076658,0.7362349720360037,0.1601408513224869,0.0020945780269324794,23.853424063288458,3.136568921448042
10,30,0.7,64,7,64,3,0.2,0.3,64,8,500,32,0.001,3,5,0.17611796484861136,0.15391275322689302,12,1.5780343098070748e-06,0.5904458256126639,0.1592732630203682,1.0087561884541722e-05,17.650271053877763,3.0114226661771806
10,30,0.7,64,7,64,3,0.2,0.3,64,8,500,32,0.0005,3,5,0.18834978176476413,0.16761655590484686,7,0.0014160077572159951,0.5991940589309928,0.1730229674175833,0.007174920788478078,18.022497870255712,3.2124303458448895
10,30,0.7,64,7,64,3,0.3,0.3,64,8,500,12,0.001,3,5,0.04595812970094914,0.05162796466862293,38,3.6932127452787844e-05,0.16706544325363606,0.04839267186282015,0.0011533475202437804,2.9767950423601195,0.688632938925127
10,30,0.7,64,7,64,3,0.3,0.3,64,8,500,12,0.0005,3,5,0.42558163920540676,0.39446561926030527,10,0.007202933863729048,1.4992870779396292,0.3944656192603053,0.3064761813175959,56.320374334940965,6.650859066505269
10,30,0.7,64,7,64,3,0.3,0.3,64,8,500,32,0.001,3,5,0.2042091606002848,0.20616101569350456,8,0.0007466444233356004,0.4604948690673413,0.2045243838975701,0.03176882309280372,19.593503377669492,3.434392975331525
10,30,0.7,64,7,64,3,0.3,0.3,64,8,500,32,0.0005,3,5,0.11654947270528551,0.11570499976814441,17,0.00012743245773366718,0.5512852759720084,0.11342827840093649,0.0009662511831949943,15.984036719476586,2.0151922024545486
10,30,0.7,128,5,128,3,0.2,0.3,64,8,500,12,0.001,3,5,0.08057277944465784,0.0904934480601409,14,0.00014838183132118155,0.27231093557086605,0.09419552653022642,0.0008524087427271239,11.586503117158193,2.1105626703480564
10,30,0.7,128,5,128,3,0.2,0.3,64,8,500,12,0.0005,3,5,0.12640104220165913,0.08427391678713589,15,3.6624065352028334e-06,0.4470788331390616,0.08876060578687946,6.130013023236807e-05,11.550177784723322,1.685817144038871
10,30,0.7,128,5,128,3,0.2,0.3,64,8,500,32,0.001,3,5,0.11922665211114575,0.12587506343162924,16,2.4771089840062294e-05,0.529633143699288,0.1249206738023917,0.0009800612989712709,15.062764507087934,1.772332651802287
10,30,0.7,128,5,128,3,0.2,0.3,64,8,500,32,0.0005,3,5,0.11715281350889854,0.07624070059402928,13,0.0001607412984671111,0.3649481466552319,0.08908450296402012,0.0029393505001553515,15.528105141857347,1.6499746346664068
10,30,0.7,128,5,128,3,0.3,0.3,64,8,500,12,0.001,3,5,0.057987347638160186,0.06611181370382484,26,0.00036429707035437117,0.304465802168965,0.06771926618394519,0.006511619109348883,5.48216467163119,1.0874507648395104
10,30,0.7,128,5,128,3,0.3,0.3,64,8,500,12,0.0005,3,5,0.11050643188120057,0.10904733443970474,13,0.0005101365251835438,0.312884860350758,0.1107322786730244,0.0042278715756237165,13.312874865512821,2.310496927122077
10,30,0.7,128,5,128,3,0.3,0.3,64,8,500,32,0.001,3,5,0.32367123460656233,0.3759152988070341,16,0.0003888951621951152,0.7890759201408621,0.37075412052844914,0.009780715461420033,29.62941508174888,6.412432584298655
10,30,0.7,128,5,128,3,0.3,0.3,64,8,500,32,0.0005,3,5,0.1997152789795338,0.18586994130355386,15,0.00019902845123702384,0.7436457367302176,0.1882896323855119,0.0016339828784580868,29.104456352644785,3.799009036523861
10,30,0.7,128,7,128,3,0.2,0.3,64,8,500,12,0.001,3,5,0.20599036454146438,0.20291003096437826,9,0.000315730110980357,1.2722277136207816,0.20820880296525796,0.00482423834485374,46.65927120316592,4.084914665657257
10,30,0.7,128,7,128,3,0.2,0.3,64,8,500,12,0.0005,3,5,0.24843817410007207,0.24805589471945622,16,3.3582489043101904e-05,1.3561592629691663,0.2529998508033753,0.00027832245654815855,57.70294716521226,5.018649097547041
10,30,0.7,128,7,128,3,0.2,0.3,64,8,500,32,0.001,3,5,0.08043217070072864,0.07602446743284834,12,0.00021611005201763178,0.4255760701061484,0.08772713051891658,0.0013814804342662953,10.72641065829642,1.8123983026575872
10,30,0.7,128,7,128,3,0.2,0.3,64,8,500,32,0.0005,3,5,0.2673447142904348,0.21447137188717835,11,1.7350789325760313e-05,0.9339327307106253,0.21481116307606693,0.0006515354498298083,32.26522615392679,3.3673229570470973
10,30,0.7,128,7,128,3,0.3,0.3,64,8,500,12,0.001,3,5,0.08571287441388892,0.08758337265385802,22,0.0009001289381658159,0.414338806426644,0.0900747474295984,0.0160835704494442,10.157128986429472,1.5213684815162745
10,30,0.7,128,7,128,3,0.3,0.3,64,8,500,12,0.0005,3,5,0.19706894956308532,0.21816884887152638,10,0.00011293559357611338,0.45019014985767025,0.22012082835345878,0.0007189631612068488,19.15504995678871,4.581555304163628
10,30,0.7,128,7,128,3,0.3,0.3,64,8,500,32,0.001,3,5,0.6460742126499216,0.6854837471874516,8,0.0007715584945453061,2.503123216941029,0.6875240328765228,0.007973213111652297,106.50488528827627,13.127420068793477
10,30,0.7,128,7,128,3,0.3,0.3,64,8,500,32,0.0005,3,5,0.19021049267444992,0.26352748030482387,10,0.0026111176864487134,0.6318368843337597,0.27167298953613883,0.01669516378463108,26.883900253662315,5.19023963612764
10,50,0.7,64,5,64,3,0.2,0.3,64,8,500,12,0.001,3,5,0.41369510584228886,0.3650379497826311,8,0.0007020749539903559,1.4322798939110037,0.3688066641497892,0.003980090171899645,53.46929916606433,7.026777961059497
10,50,0.7,64,5,64,3,0.2,0.3,64,8,500,12,0.0005,3,5,0.1204537935923913,0.11333380275684013,9,8.449464729091971e-05,0.3722903670431372,0.1263776540599367,0.0013165453550436008,10.922414879955861,2.4557924537907985
10,50,0.7,64,5,64,3,0.2,0.3,64,8,500,32,0.001,3,5,0.5188628253969716,0.45265505527558814,13,0.0002463076522023072,3.0027410478950736,0.45906645312512095,0.0020221354486273167,120.29053430253178,8.615215187611225
10,50,0.7,64,5,64,3,0.2,0.3,64,8,500,32,0.0005,3,5,0.2096606342011228,0.2195919779701507,35,0.00013518122273860345,0.5696231813789603,0.22069833272576864,0.003948720748606907,16.76429256088956,3.5565715372592135
10,50,0.7,64,5,64,3,0.3,0.3,64,8,500,12,0.001,3,5,0.042635092178197206,0.053437430990314214,23,0.00017043475344739878,0.16690821737658948,0.053981384053626166,0.0014125164814251143,6.987527195939545,1.0951026380966968
10,50,0.7,64,5,64,3,0.3,0.3,64,8,500,12,0.0005,3,5,0.08938033977366461,0.08043966220583593,21,7.629128244840411e-06,0.34690900953021664,0.0873447210547303,6.861682175424902e-05,14.760561531859942,1.8198565601796717
10,50,0.7,64,5,64,3,0.3,0.3,64,8,500,32,0.001,3,5,0.08727515657429533,0.08467183141256661,9,0.00013890893176110586,0.3712440820099112,0.09736462197050551,0.0008843129215194948,10.146683451679122,1.8026572579804707
10,50,0.7,64,5,64,3,0.3,0.3,64,8,500,32,0.0005,3,5,0.4708757588143489,0.32293075798205145,7,0.00038953995797019053,1.6643758347770277,0.32503221483585004,0.01657445716536315,70.8171919623414,5.6240462835131
10,50,0.7,64,7,64,3,0.2,0.3,64,8,500,12,0.001,3,5,0.11775812564571021,0.1234946931259067,13,0.00011265712122783544,0.2959003837467429,0.11789198459240582,0.0045627725004839005,11.542245531036878,1.9369127712758074
10,50,0.7,64,7,64,3,0.2,0.3,64,8,500,12,0.0005,3,5,0.6864024615010909,0.6863693911667955,7,0.0014633840185178174,2.385270767523915,0.6800371113447985,0.038252489741631424,101.49040516953434,12.20940856531475
10,50,0.7,64,7,64,3,0.2,0.3,64,8,500,32,0.001,3,5,0.21216066257329103,0.2672553805945626,10,2.459304679849894e-05,0.5597706368705334,0.26498964217816845,0.00022612375521392317,23.817568014290067,4.495914734341221
10,50,0.7,64,7,64,3,0.2,0.3,64,8,500,32,0.0005,3,5,0.20893664946112467,0.20786606212928394,20,8.737248926297958e-05,0.8216644457122387,0.20220343536646568,0.0007275060364020119,34.960834905674865,3.7419317877206746
10,50,0.7,64,7,64,3,0.3,0.3,64,8,500,12,0.001,3,5,0.047881450046575645,0.06894348437293692,28,7.563697446802409e-05,0.3023857565284964,0.06917517547411445,0.0006954533466253214,5.393661228878892,1.0794912716760954
10,50,0.7,64,7,64,3,0.3,0.3,64,8,500,12,0.0005,3,5,0.11470617877727618,0.08876091122900427,18,0.0003102374477680775,0.36938626483690706,0.08371661758129931,0.002571162860061395,12.498891350165552,1.6552107628582173
10,50,0.7,64,7,64,3,0.3,0.3,64,8,500,32,0.001,3,5,0.11161363431953823,0.17718828174242088,18,0.0002199113937892544,2.068925091779351,0.17669424107056173,0.004073242598372776,80.55778738326171,2.930523756885156
10,50,0.7,64,7,64,3,0.3,0.3,64,8,500,32,0.0005,3,5,0.21862208510682776,0.1664814915138438,13,8.470147877234768e-06,0.8754389376999137,0.16527176849942568,0.00014288140570668277,29.77638554371691,2.9641627962574004
10,50,0.7,128,5,128,3,0.2,0.3,64,8,500,12,0.001,3,5,0.0734627196850416,0.07429487471140866,17,5.8807285259199205e-05,0.32619539812815157,0.07122821913952343,0.0009292650014042703,13.574739224355488,1.1635157689951996
10,50,0.7,128,5,128,3,0.2,0.3,64,8,500,12,0.0005,3,5,0.3129598368201037,0.31263133990464603,7,0.00012773322315080826,2.178429553067803,0.3243134440059373,0.001063569227283902,85.21707063753702,6.140744652031661
10,50,0.7,128,5,128,3,0.2,0.3,64,8,500,32,0.001,3,5,0.13645119706211545,0.14048517740455255,18,0.00014401156611956734,0.49611108811107296,0.14093496707959846,0.000816407159512828,21.108930703812234,2.9918432076789134
10,50,0.7,128,5,128,3,0.2,0.3,64,8,500,32,0.0005,3,5,0.33403300998028707,0.2944380913458848,12,0.00021450268478258316,0.9305783441802563,0.2974160970709534,0.0016759995915858635,39.59499042152315,5.98247012867622
10,50,0.7,128,5,128,3,0.3,0.3,64,8,500,12,0.001,3,5,0.13258986818999652,0.13139785764227027,15,0.00018291811248367928,0.5132532647391858,0.14308641039208977,0.0015017202922523818,21.838309722396737,2.8229539772912458
10,50,0.7,128,5,128,3,0.3,0.3,64,8,500,12,0.0005,3,5,0.28573317224735745,0.3118667421438863,9,0.0036402108680700096,1.7463613243461844,0.30532368280552974,0.022775624097441972,66.83308665094735,5.09758475803304
10,50,0.7,128,5,128,3,0.3,0.3,64,8,500,32,0.001,3,5,0.15616436740439166,0.1644343648917121,8,0.00019468987102258528,0.4967769912025036,0.17121396464549749,0.0012181116640478595,21.137264080246098,3.5969993660236215
10,50,0.7,128,5,128,3,0.3,0.3,64,8,500,32,0.0005,3,5,0.4623617001070603,0.31184287400634764,12,0.0027274622277599775,0.9052149585029187,0.30791845859159567,0.036523574072042,38.515808835972464,5.77948185933594
10,50,0.7,128,7,128,3,0.2,0.3,64,8,500,12,0.001,3,5,0.10224590566420129,0.1106236675964306,12,2.8325618652763618e-05,0.44914572746959347,0.10684392085012985,0.00018107111442501876,19.1106110390871,2.2527763855126044
10,50,0.7,128,7,128,3,0.2,0.3,64,8,500,12,0.0005,3,5,0.1761413551119853,0.16182401375706718,11,0.00023622649472775092,0.6073574951430859,0.15931274071129262,0.006900310873100088,25.842331656465603,2.6279091238062704
10,50,0.7,128,7,128,3,0.2,0.3,64,8,500,32,0.001,3,5,0.6369020213616661,0.6480411451278201,8,0.0001605661426923588,3.4966193965217176,0.6557672821345488,0.0014763448971286829,148.77695400804586,12.321209524658947
10,50,0.7,128,7,128,3,0.2,0.3,64,8,500,32,0.0005,3,5,0.22786273526484305,0.26675170066962434,11,0.00010874271163524574,0.6299989751121106,0.27091779911167607,0.0006390030648955365,26.80569942459517,5.438908310446877
10,50,0.7,128,7,128,3,0.3,0.3,64,8,500,12,0.001,3,5,0.15291810327944697,0.14845804453710418,11,0.0001544406979348406,0.4374751678248944,0.13952008112114414,0.0024064031274754734,18.614042748802273,2.3967989176687374
10,50,0.7,128,7,128,3,0.3,0.3,64,8,500,12,0.0005,3,5,0.0788594229412288,0.0592841156411629,25,8.057827891640515e-05,0.2748267816067931,0.06389239732443151,0.003025776188888816,4.221059959059882,0.9363915651649445
10,50,0.7,128,7,128,3,0.3,0.3,64,8,500,32,0.001,3,5,0.19672700642552834,0.21810186289806438,18,0.0012984338701062387,0.45899195388567415,0.22251356097590888,0.02190304812464676,19.248007118721986,4.353249581676879
10,50,0.7,128,7,128,3,0.3,0.3,64,8,500,32,0.0005,3,5,0.2900449414198402,0.2153348265311137,8,0.0003128377728165675,0.7904431751510205,0.21020450756484554,0.006052677678919451,33.632407356774415,3.6671257726431064
20,30,0.7,64,5,64,3,0.2,0.3,64,8,500,12,0.001,3,5,0.12363267362963748,0.13925370001905676,12,0.002225855147957506,0.44519009502139706,0.1326784758236169,0.011178233197778229,18.942303631250986,2.108274009537071
20,30,0.7,64,5,64,3,0.2,0.3,64,8,500,12,0.0005,3,5,0.2285418540008821,0.22436959252879993,7,0.0011349885028375042,0.5878312678695914,0.22813824890428777,0.027073514747964343,24.658614316956147,3.7630304950193163
20,30,0.7,64,5,64,3,0.2,0.3,64,8,500,32,0.001,3,5,0.1528215886992313,0.10351509913985231,7,0.00025945587573179135,0.7063781550666394,0.10036223079072171,0.006987312983096251,30.055541759328843,1.6861548281853265
20,30,0.7,64,5,64,3,0.2,0.3,64,8,500,32,0.0005,3,5,0.5498519779830899,0.4493950849586879,15,0.00015782712229188423,1.6508061221381727,0.4555166646577451,0.0014513643634839121,70.23981699405586,8.735254790171421
20,30,0.7,64,5,64,3,0.3,0.3,64,8,500,12,0.001,3,5,0.163456373595986,0.11201552191049768,17,3.607720002704595e-05,0.66223947123301,0.11715600329426831,0.0002306229881264808,20.705004412376372,2.3138649521663766
20,30,0.7,64,5,64,3,0.3,0.3,64,8,500,12,0.0005,3,5,0.7575712416503647,0.6415382690067558,12,7.380783865192087e-05,2.5114786119819876,0.6541621944208593,0.0011500298570207364,99.3879079239139,12.078750210418159
20,30,0.7,64,5,64,3,0.3,0.3,64,8,500,32,0.001,3,5,0.1743249877855369,0.16667261064315098,21,0.0001247204463963869,0.4286719790240826,0.16522380716473825,0.0009456874727393576,18.239477642675666,3.51071517499291
20,30,0.7,64,5,64,3,0.3,0.3,64,8,500,32,0.0005,3,5,0.286591201463358,0.25220981193160213,12,0.0050144282588658814,0.9089285226227042,0.2522098119316022,0.21335789739885724,31.201327143240984,4.045573828470007
20,30,0.7,64,7,64,3,0.2,0.3,64,8,500,12,0.001,3,5,0.20231865489825873,0.21255716381653517,6,7.398487535138082e-05,0.6944144895812573,0.20641001720972701,0.0031479675507128145,29.54650216770016,3.531301486025639
20,30,0.7,64,7,64,3,0.2,0.3,64,8,500,12,0.0005,3,5,0.24850813922249493,0.19937551419259159,13,0.00041121083062710395,0.8697509697219433,0.19193607622448464,0.006008172246113491,37.00685872459987,3.365832282845495
20,30,0.7,64,7,64,3,0.2,0.3,64,8,500,32,0.001,3,5,0.6409348686769658,0.32613037010728035,15,0.000716624699624864,1.5432669451972547,0.3386498971983932,0.01032147108668847,65.6641542274083,6.462987763685676
20,30,0.7,64,7,64,3,0.2,0.3,64,8,500,32,0.0005,3,5,1.1478996593180426,1.2032928462321708,9,0.002642668840555154,5.817477414167047,1.214463296603639,0.03657654533737118,240.05418468043428,22.417972938033262
20,30,0.7,64,7,64,3,0.3,0.3,64,8,500,12,0.001,3,5,0.1492454623675005,0.13080311774211348,15,0.0007764161746602431,0.5234184356094596,0.13024820328131734,0.02047469458707486,14.798336145060999,2.222394171289845
20,30,0.7,64,7,64,3,0.3,0.3,64,8,500,12,0.0005,3,5,0.5222701681253228,0.3650998549254974,29,4.967328712610075e-05,1.9290809126259085,0.3635341156206073,0.0004467644243605957,74.60758558809317,6.6072838819116155
20,30,0.7,64,7,64,3,0.3,0.3,64,8,500,32,0.001,3,5,1.239511019220866,1.1075764580096321,8,0.06107705770525317,3.19200294525829,1.1059398262136977,0.9774968096157208,135.81589001440807,19.94299384936688
20,30,0.7,64,7,64,3,0.3,0.3,64,8,500,32,0.0005,3,5,0.31249281796060335,0.2769521459216349,10,2.239613816229502e-05,1.3586767247458997,0.2834090295732343,0.00014257682438386415,57.810062138991405,5.4941990611172065
20,30,0.7,128,5,128,3,0.2,0.3,64,8,500,12,0.001,3,5,0.30481967035103635,0.3411252037973852,7,0.008833415100055114,0.7534103921195568,0.33475312137193536,0.0500769731553794,32.056706935006254,5.88464544916475
20,30,0.7,128,5,128,3,0.2,0.3,64,8,500,12,0.0005,3,5,0.5211719144254714,0.44084450853072876,9,0.00020267939659934092,2.5279340238929984,0.4481764152917575,0.001999038667455076,100.08806592895822,8.116199623985212
20,30,0.7,128,5,128,3,0.2,0.3,64,8,500,32,0.001,3,5,0.13797801701981624,0.09815460652964436,16,2.890106842187712e-05,0.43003412500631777,0.09290621788577813,0.00025993788500704125,10.886730600228626,1.4851526013008707
20,30,0.7,128,5,128,3,0.2,0.3,64,8,500,32,0.0005,3,5,0.5437749347705667,0.4549628960645822,10,0.006152318180531073,1.7382987232567069,0.45496289606458223,0.2617737463500486,66.49003266209525,7.758811459867518
20,30,0.7,128,5,128,3,0.3,0.3,64,8,500,12,0.001,3,5,0.22721048858707607,0.14263970481290866,11,4.997854925095635e-06,0.6761402280689475,0.1453830777131605,8.21408680700279e-05,21.296464913486265,2.476206541172689
20,30,0.7,128,5,128,3,0.3,0.3,64,8,500,12,0.0005,3,5,0.3214684851136646,0.2608083405805552,10,0.00045150984153166304,0.9981657357574698,0.2640918074266224,0.01280344827944354,34.998263340404456,4.562215778319824
20,30,0.7,128,5,128,3,0.3,0.3,64,8,500,32,0.001,3,5,0.3833456184691733,0.46067551684189395,11,0.00011999011269031579,2.162626200034291,0.47177471607266386,0.0007050959886255123,92.0171463383056,9.098592537357755
20,30,0.7,128,5,128,3,0.3,0.3,64,8,500,32,0.0005,3,5,0.20767631707679865,0.15688692614076882,13,2.505723461523543e-05,0.7302191785117688,0.15281126835642528,0.0009452361381979186,31.06994866107204,2.7881552604231636
20,30,0.7,128,7,128,3,0.2,0.3,64,8,500,12,0.001,3,5,0.14376441977139695,0.1098514806787995,19,0.000130528209300651,0.432238632595658,0.10996085286919448,0.000767020837940994,12.154148314705411,2.068202767126832
20,30,0.7,128,7,128,3,0.2,0.3,64,8,500,12,0.0005,3,5,0.08797245575446247,0.09685723701510152,13,2.884328263730307e-06,0.4057865680814978,0.10559538834072695,0.00011268104681566888,9.793241520665436,2.0665266495509806
20,30,0.7,128,7,128,3,0.2,0.3,64,8,500,32,0.001,3,5,0.3163101594525175,0.2039821847873058,10,0.000147208878546079,0.8089945407272574,0.2121871646548812,0.0009371514978214043,26.949256287862877,3.7968083809216226
20,30,0.7,128,7,128,3,0.2,0.3,64,8,500,32,0.0005,3,5,0.5599765261088716,0.5897131383563987,10,0.00911302524152379,1.830884763753533,0.5897131383563989,0.38774827439927956,70.42945743977788,10.226639126497409
20,30,0.7,128,7,128,3,0.3,0.3,64,8,500,12,0.001,3,5,0.07647164587593451,0.05990398836472744,22,0.0002132204084107081,0.19666503953424067,0.05872279281257275,0.0013573897653573897,6.1482808945197895,1.1340977761230953
20,30,0.7,128,7,128,3,0.3,0.3,64,8,500,12,0.0005,3,5,0.24999307408877336,0.212983099914094,10,3.365421794951362e-06,0.8660992474914786,0.21641466769786255,5.531146297805085e-05,29.378992947321667,3.966153333138543
20,30,0.7,128,7,128,3,0.3,0.3,64,8,500,32,0.001,3,5,0.1838190874704678,0.13317653654018852,10,9.688137300904731e-05,0.9431582620879712,0.1422112942331913,0.000890912602528988,40.130250813272646,2.862995236888399
20,30,0.7,128,7,128,3,0.3,0.3,64,8,500,32,0.0005,3,5,0.45174547885912847,0.4522600728299394,16,0.0005874230180250156,2.2479190321327445,0.4477259436872212,0.007247066854668791,88.17376447764214,7.8908407258776885
20,50,0.7,64,5,64,3,0.2,0.3,64,8,500,12,0.001,3,5,0.079611593973969,0.06686979808038987,11,3.413801000926031e-05,0.43987564162027804,0.07400731156038073,0.0003067948396734494,11.243690640492739,1.4233338675428522
20,50,0.7,64,5,64,3,0.2,0.3,64,8,500,12,0.0005,3,5,0.22855979056643771,0.1500637391448983,17,7.101755548528585e-05,0.5759224088550803,0.14558682970350706,0.00046919662882517163,17.032317121250117,2.553698011266659
20,50,0.7,64,5,64,3,0.2,0.3,64,8,500,32,0.001,3,5,0.4231773279192473,0.5491508741017475,11,0.0009837742614516587,2.286506347968251,0.5459549426842525,0.03072212957066676,97.28809778644278,9.718514701409024
20,50,0.7,64,5,64,3,0.2,0.3,64,8,500,32,0.0005,3,5,0.3375337375187331,0.32006953209530353,12,0.00022637028403796333,1.2337927153846326,0.3231461871560625,0.0012833019289305188,52.49639759329792,6.439368287595975
20,50,0.7,64,5,64,3,0.3,0.3,64,8,500,12,0.001,3,5,0.07540001782868379,0.10509624198785084,15,2.393124194755014e-06,0.44432828739893404,0.10302247068967302,1.4062677600440371e-05,11.433145368360519,1.7044535257494715
20,50,0.7,64,5,64,3,0.3,0.3,64,8,500,12,0.0005,3,5,0.15594873844239338,0.1786132607925376,12,0.0008674930500754685,0.5212895801803173,0.1858134686156872,0.009652415566305106,22.180245288494874,3.8276743643242375
20,50,0.7,64,5,64,3,0.3,0.3,64,8,500,32,0.001,3,5,0.2636477716548373,0.2494545174549424,7,2.7193373845671442e-05,1.4595988483787772,0.25552008686070027,0.0011013700423560147,54.63168785396183,4.598189599507888
20,50,0.7,64,5,64,3,0.3,0.3,64,8,500,32,0.0005,3,5,0.24709140127766846,0.2668665124913219,13,0.00017369583162789998,0.9172621897002758,0.27165239924710605,0.0029072624781727174,39.02840404823848,5.259969681996017
20,50,0.7,64,7,64,3,0.2,0.3,64,8,500,12,0.001,3,5,0.3381355718222798,0.3280064694704556,7,0.0008266061521488566,1.6033634475013319,0.3312511325863258,0.004857372570001499,68.22118819233803,6.600945457988953
20,50,0.7,64,7,64,3,0.2,0.3,64,8,500,12,0.0005,3,5,0.580688729011137,0.7794368888291631,7,0.0014742823552859677,2.534753494574696,0.7810710510586796,0.04655856486936397,107.85071559667271,13.863315002568042
20,50,0.7,64,7,64,3,0.2,0.3,64,8,500,32,0.001,3,5,0.2748622085770799,0.2143265900781355,13,0.0005171760903316114,0.5871644547721447,0.22478182867736862,0.003306040802790459,24.98314205134626,4.4325483534071815
20,50,0.7,64,7,64,3,0.2,0.3,64,8,500,32,0.0005,3,5,0.5796276040538421,0.45196608947439354,11,0.005784155427070198,1.1364019008041617,0.4441781895640567,0.03697513131226653,40.88004606741753,7.656720270028677
20,50,0.7,64,7,64,3,0.3,0.3,64,8,500,12,0.001,3,5,0.14908004300574082,0.13939249214088803,16,0.00013340155383652352,0.3678945830604138,0.14720781754528164,0.001095199473109479,15.653472470648532,3.128671499590247
20,50,0.7,64,7,64,3,0.3,0.3,64,8,500,12,0.0005,3,5,0.4699974018080962,0.36944633583718467,8,0.0003140280245718663,2.0888320735236707,0.3794048894708411,0.0028619885841560232,88.87729492157557,7.02274613958846
20,50,0.7,64,7,64,3,0.3,0.3,64,8,500,32,0.001,3,5,0.19380880072527143,0.17736685710942265,9,4.294805775420518e-06,0.9291017146469351,0.18250898646898178,7.024986413109945e-05,32.05967222505631,3.337142425878588
20,50,0.7,64,7,64,3,0.3,0.3,64,8,500,32,0.0005,3,5,0.21810030651702408,0.13610762970833598,7,2.7827336214696075e-05,0.5775921276351513,0.13747443339241563,0.000878801020474955,24.575851033162493,2.4786594445217247
20,50,0.7,128,5,128,3,0.2,0.3,64,8,500,12,0.001,3,5,0.07350282895959459,0.07333723654649175,11,0.00015822868637524468,0.20909135849681515,0.076072495276802,0.0008970045662152384,8.896586073252736,1.7082438011394125
20,50,0.7,128,5,128,3,0.2,0.3,64,8,500,12,0.0005,3,5,0.3124305364270879,0.26379012069766133,8,7.109721903966748e-05,1.0610532096168104,0.2660745591034624,0.0011507037079747187,45.14653917560546,5.009718443551052
